,Features,Coefs
0,A1,0.0
1,AA1,0.014805507615905478
2,AG1,0.007852445640579691
3,AC1,-0.0
4,AT1,-0.0
5,A?,-0.0
6,G1,-0.03173437993285587
7,GA1,-0.0
8,GG1,0.0
9,GC1,0.0
10,GT1,-0.013939298945736792
11,G?,-0.0
12,C1,-0.0
13,CA1,-0.0
14,CG1,-0.07220443869926378
15,CC1,-0.0
16,CT1,0.0
17,C?,-0.0
18,T1,0.0073882869074417285
19,TA1,-0.0054286234966588395
20,TG1,0.0
21,TC1,0.0
22,TT1,0.00879983368176426
23,T?,-0.0
24,A2,-0.0
25,AA2,0.0
26,AG2,0.0
27,AC2,-0.0009604420105379678
28,AT2,-0.0
29,G2,0.003378836771285104
30,GA2,0.0
31,GG2,-0.0
32,GC2,0.0
33,GT2,-0.0
34,C2,-0.0
35,CA2,-0.0
36,CG2,-0.023329784608832185
37,CC2,0.0
38,CT2,0.0
39,T2,0.0
40,TA2,0.0
41,TG2,-0.0
42,TC2,-0.0
43,TT2,0.0
44,A3,0.0023528765738923753
45,AA3,0.0
46,AG3,0.0007050273708300332
47,AC3,-0.0
48,AT3,-0.0
49,G3,-0.003140968692940216
50,GA3,0.0
51,GG3,-0.0
52,GC3,-0.0
53,GT3,-0.0
54,C3,-0.0
55,CA3,-0.0
56,CG3,-0.026255090563477766
57,CC3,0.0
58,CT3,0.0
59,T3,0.0
60,TA3,-0.0
61,TG3,-0.0
62,TC3,-0.0
63,TT3,8.992589293949346e-06
64,A4,0.0
65,AA4,0.0
66,AG4,0.0
67,AC4,-0.0
68,AT4,-0.0
69,G4,-0.0
70,GA4,-0.0
71,GG4,-0.0
72,GC4,0.0
73,GT4,-0.0
74,C4,-0.0
75,CA4,-0.0
76,CG4,-0.030453237537741602
77,CC4,-0.0
78,CT4,0.0
79,T4,8.169555180967389e-06
80,TA4,-0.0
81,TG4,0.0
82,TC4,0.0
83,TT4,0.0
84,A5,0.0
85,AA5,0.0
86,AG5,0.0
87,AC5,-0.0
88,AT5,-0.0
89,G5,-0.0
90,GA5,-0.0
91,GG5,-0.0
92,GC5,0.0
93,GT5,-0.0
94,C5,0.0
95,CA5,0.0
96,CG5,-0.03593884086296265
97,CC5,-0.0
98,CT5,0.001143676622257865
99,T5,0.0
100,TA5,-0.0
101,TG5,-0.0
102,TC5,0.0
103,TT5,0.0
104,A6,-0.0
105,AA6,0.0
106,AG6,0.0
107,AC6,-0.0
108,AT6,-0.0
109,G6,-0.002338842888814088
110,GA6,-0.0
111,GG6,-0.0
112,GC6,0.0
113,GT6,-0.0
114,C6,0.0
115,CA6,0.0
116,CG6,-0.038780236838468166
117,CC6,0.0
118,CT6,0.0
119,T6,0.0003292652040212145
120,TA6,-0.0
121,TG6,0.0
122,TC6,0.0
123,TT6,0.0
124,A7,-0.0
125,AA7,0.0
126,AG7,0.0
127,AC7,-0.0
128,AT7,-0.0
129,G7,-0.0021933859832991703
130,GA7,-0.0
131,GG7,-0.0
132,GC7,0.0
133,GT7,-0.0
134,C7,0.0
135,CA7,0.0
136,CG7,-0.03989159665671872
137,CC7,0.0
138,CT7,0.0010553400919754742
139,T7,0.0014928689773326177
140,TA7,-0.0
141,TG7,0.0
142,TC7,0.0
143,TT7,0.0
144,A8,-0.0
145,AA8,0.0
146,AG8,0.0
147,AC8,-0.0
148,AT8,-0.0
149,G8,-0.0
150,GA8,-0.0
151,GG8,-0.0
152,GC8,0.0
153,GT8,-0.0
154,C8,0.0
155,CA8,0.0
156,CG8,-0.048318665724959554
157,CC8,0.0
158,CT8,0.004784698129387464
159,T8,-0.0
160,TA8,-0.0004469351769162998
161,TG8,0.0
162,TC8,0.0
163,TT8,0.0
164,A9,-0.00029540757019573343
165,AA9,0.0
166,AG9,0.0
167,AC9,-0.0
168,AT9,-0.0
169,G9,-0.0
170,GA9,-0.0
171,GG9,0.0
172,GC9,0.0
173,GT9,-0.0
174,C9,0.00010578105670064392
175,CA9,0.0
176,CG9,-0.046358239932343774
177,CC9,0.0
178,CT9,0.0
179,T9,0.0
180,TA9,-0.0
181,TG9,0.0
182,TC9,0.0
183,TT9,0.0
184,A10,-0.0
185,AA10,-0.0
186,AG10,0.0
187,AC10,-0.0
188,AT10,-0.0
189,G10,0.0
190,GA10,-0.0
191,GG10,0.0
192,GC10,0.0
193,GT10,-0.0
194,C10,0.0
195,CA10,0.0
196,CG10,-0.04070978007271694
197,CC10,0.0
198,CT10,0.0
199,T10,-0.0
200,TA10,-0.00019648585710677123
201,TG10,0.0
202,TC10,0.0
203,TT10,0.0
204,A11,-0.0038948298615383774
205,AA11,0.0
206,AG11,0.0
207,AC11,-0.0
208,AT11,-0.0
209,G11,0.0
210,GA11,0.0
211,GG11,0.0
212,GC11,0.0034832149503279267
213,GT11,-0.0
214,C11,0.0
215,CA11,0.0
216,CG11,-0.04408674770094922
217,CC11,0.0
218,CT11,0.0
219,T11,-0.0
220,TA11,-0.0006160337982665411
221,TG11,0.0
222,TC11,-0.0
223,TT11,0.0
224,A12,-0.0
225,AA12,0.0
226,AG12,0.0027114609733368614
227,AC12,-0.0032492943538028375
228,AT12,-0.003204663899180248
229,G12,0.0
230,GA12,-0.0
231,GG12,0.0
232,GC12,0.0
233,GT12,-0.0
234,C12,0.0
235,CA12,-0.0
236,CG12,-0.03605231785499946
237,CC12,0.0
238,CT12,0.0
239,T12,0.0
240,TA12,-0.0
241,TG12,0.0
242,TC12,0.0
243,TT12,0.0
244,A13,-0.0
245,AA13,-0.0
246,AG13,0.0
247,AC13,-0.0
248,AT13,-0.0
249,G13,0.003233901061029947
250,GA13,0.0
251,GG13,0.000464675472886447
252,GC13,0.0
253,GT13,-0.0
254,C13,-0.0
255,CA13,0.0
256,CG13,-0.02780108120032937
257,CC13,0.0
258,CT13,0.0
259,T13,-0.0
260,TA13,-0.0
261,TG13,0.0
262,TC13,-0.0
263,TT13,0.0
264,A14,-0.0
265,AA14,0.0
266,AG14,0.0
267,AC14,-0.0
268,AT14,-0.0
269,G14,0.005164815802818235
270,GA14,0.0
271,GG14,0.0
272,GC14,-0.0
273,GT14,-0.0
274,C14,-0.0
275,CA14,0.0
276,CG14,-0.023880892343012806
277,CC14,-0.0
278,CT14,0.0
279,T14,-0.0
280,TA14,-0.0
281,TG14,0.0
282,TC14,0.0
283,TT14,-0.0
284,A15,0.0
285,AA15,0.00041513235384896193
286,AG15,0.005588339299831143
287,AC15,-0.0
288,AT15,-0.0
289,G15,0.002620492993682058
290,GA15,0.0
291,GG15,0.0
292,GC15,0.0
293,GT15,-0.0
294,C15,-0.008533766945363702
295,CA15,0.0
296,CG15,-0.019154787647335886
297,CC15,-0.0
298,CT15,0.0
299,T15,-0.0
300,TA15,-0.0
301,TG15,0.0
302,TC15,0.0
303,TT15,-0.0
304,A16,0.000501830930471332
305,AA16,0.0
306,AG16,0.0027003301308225302
307,AC16,-0.0
308,AT16,-0.0
309,G16,0.0033275012080357935
310,GA16,0.0
311,GG16,0.0027810494923384637
312,GC16,-0.0
313,GT16,-0.0
314,C16,-0.007694525032092072
315,CA16,0.0
316,CG16,-0.0
317,CC16,-0.0
318,CT16,0.0
319,T16,-0.0
320,TA16,-0.0
321,TG16,-0.0
322,TC16,-0.0
323,TT16,0.0
324,A17,0.0
325,AA17,0.0
326,AG17,0.0
327,AC17,0.0
328,AT17,-0.0
329,G17,0.0
330,GA17,0.0
331,GG17,0.0
332,GC17,0.0
333,GT17,-0.0
334,C17,-0.0050868239302343035
335,CA17,-0.00027816423184090044
336,CG17,-0.0
337,CC17,-0.0
338,CT17,0.0
339,T17,-0.0
340,TA17,0.0
341,TG17,-0.0
342,TC17,-0.0
343,TT17,0.0
344,A18,-0.0
345,AA18,-0.0
346,AG18,0.0
347,AC18,0.0
348,AT18,-0.0
349,G18,-0.0
350,GA18,0.0
351,GG18,0.0
352,GC18,-0.0
353,GT18,-0.0
354,C18,0.0
355,CA18,-0.0
356,CG18,0.0
357,CC18,0.0
358,CT18,0.0
359,T18,-0.0
360,TA18,0.0
361,TG18,-0.0
362,TC18,0.0
363,TT18,-0.0
364,A19,-0.0
365,AA19,0.0
366,AG19,0.0
367,AC19,-0.021867947182116113
368,AT19,-0.009133116567124365
369,G19,0.0
370,GA19,0.0
371,GG19,0.0
372,GC19,0.0
373,GT19,-0.0
374,C19,0.0054963153490326655
375,CA19,0.0
376,CG19,-0.010050999935604838
377,CC19,0.0
378,CT19,0.0
379,T19,-0.001774706036263561
380,TA19,-0.0028227586318087176
381,TG19,0.0
382,TC19,-0.0048518088762964364
383,TT19,0.0
384,A20,0.02423834133812955
385,AA?,-0.047627767872581654
386,AA_PAM,0.0
387,AG?,-0.015440565407655768
388,AG_PAM,0.0
389,AC?,-0.00459997914688773
390,AC_PAM,0.0
391,AT?,-0.028642871420558966
392,AT_PAM,0.0
393,G20,0.0017266879392555008
394,GA?,-0.020996921356439876
395,GA_PAM,0.0
396,GG?,-0.023159658503996348
397,GG_PAM,0.0
398,GC?,-0.01484716722326498
399,GC_PAM,0.0
400,GT?,-0.008026971139526266
401,GT_PAM,0.0
402,C20,-0.020905972136716
403,CA?,-0.0067426476680210595
404,CA_PAM,0.0
405,CG?,-0.09853341735070022
406,CG_PAM,0.0
407,CC?,-0.04215106677539035
408,CC_PAM,0.0
409,CT?,-0.012228247821347923
410,CT_PAM,0.0
411,T20,-0.001315984032025144
412,TA?,-0.04462546991116126
413,TA_PAM,0.0
414,TG?,-0.008463099511223615
415,TG_PAM,0.0
416,TC?,-0.016396841765364246
417,TC_PAM,0.0
418,TT?,-0.04652517214421565
419,TT_PAM,0.0
420,GC Count,0.0
421,Melting Temp Wallace,0.1561323653271977
422,Melting Temp GC,-0.13603338637568602
423,Melting Temp NN1,0.003804600319070465
424,Melting Temp NN2,-0.031941740811084696
425,Melting Temp NN3,0.005396100912634209
426,Melting Temp NN4,-0.002288660713119413
427,GC<10,0.08156200683740851
428,GC>10,-0.0
429,AAAAA,0.0
430,GGGGG,-0.0
431,CCCCC,-0.010093798041687956
432,TTTTT,0.0
433,AAA1,0.0
434,AAG1,0.0
435,AAC1,-0.0
436,AAT1,0.0
437,AGA1,0.0
438,AGG1,0.0
439,AGC1,0.0
440,AGT1,0.0
441,ACA1,-0.0
442,ACG1,-0.0
443,ACC1,-0.0
444,ACT1,-0.0
445,ATA1,-0.0
446,ATG1,-0.0
447,ATC1,-0.0
448,ATT1,-0.0
449,GAA1,0.0
450,GAG1,-0.0
451,GAC1,-0.0
452,GAT1,-0.0
453,GGA1,0.0
454,GGG1,-0.0
455,GGC1,0.0
456,GGT1,0.0
457,GCA1,-0.0
458,GCG1,-0.0
459,GCC1,0.0
460,GCT1,0.0
461,GTA1,-0.0
462,GTG1,-0.0
463,GTC1,-0.0
464,GTT1,-0.0
465,CAA1,-0.0
466,CAG1,0.0
467,CAC1,0.0
468,CAT1,-0.0
469,CGA1,-0.0
470,CGG1,-0.0
471,CGC1,-0.0
472,CGT1,-0.0
473,CCA1,-0.0
474,CCG1,-0.0
475,CCC1,0.0
476,CCT1,-0.0
477,CTA1,0.0
478,CTG1,0.0
479,CTC1,0.0
480,CTT1,0.0
481,TAA1,-0.0
482,TAG1,-0.0
483,TAC1,-0.0
484,TAT1,0.0
485,TGA1,0.0
486,TGG1,-0.0
487,TGC1,0.0
488,TGT1,0.0
489,TCA1,0.0
490,TCG1,-0.0
491,TCC1,0.0
492,TCT1,0.0
493,TTA1,0.0
494,TTG1,0.0
495,TTC1,0.0
496,TTT1,0.0
497,AAA2,0.0
498,AAG2,0.0
499,AAC2,-0.0
500,AAT2,-0.0
501,AGA2,0.0
502,AGG2,0.0
503,AGC2,-0.0
504,AGT2,-0.0
505,ACA2,-0.0
506,ACG2,-0.0
507,ACC2,-0.0
508,ACT2,-0.0
509,ATA2,-0.0
510,ATG2,0.0
511,ATC2,-0.0
512,ATT2,0.0
513,GAA2,0.0
514,GAG2,0.0
515,GAC2,-0.0
516,GAT2,0.0
517,GGA2,-0.0
518,GGG2,0.0
519,GGC2,0.0
520,GGT2,-0.0
521,GCA2,0.0
522,GCG2,-0.0
523,GCC2,0.0
524,GCT2,0.0
525,GTA2,0.0
526,GTG2,-0.0
527,GTC2,-0.0
528,GTT2,0.0
529,CAA2,-0.0
530,CAG2,0.0
531,CAC2,-0.0
532,CAT2,-0.0
533,CGA2,-0.0
534,CGG2,-0.0
535,CGC2,-0.0
536,CGT2,-0.0
537,CCA2,0.0
538,CCG2,-0.0
539,CCC2,-0.0
540,CCT2,0.0
541,CTA2,-0.0
542,CTG2,0.0
543,CTC2,0.0
544,CTT2,0.0
545,TAA2,0.0
546,TAG2,0.0
547,TAC2,-0.0
548,TAT2,0.0
549,TGA2,0.0
550,TGG2,-0.0
551,TGC2,-0.0
552,TGT2,0.0
553,TCA2,-0.0
554,TCG2,-0.0
555,TCC2,0.0
556,TCT2,0.0
557,TTA2,0.0
558,TTG2,-0.0
559,TTC2,0.0
560,TTT2,0.0
561,AAA3,0.0
562,AAG3,0.0
563,AAC3,-0.0
564,AAT3,-0.0
565,AGA3,0.0
566,AGG3,0.0
567,AGC3,0.0
568,AGT3,-0.0
569,ACA3,0.0
570,ACG3,-0.0
571,ACC3,-0.0
572,ACT3,-0.0
573,ATA3,0.0
574,ATG3,0.0
575,ATC3,-0.0
576,ATT3,0.0
577,GAA3,0.0
578,GAG3,0.0
579,GAC3,-0.0
580,GAT3,-0.0
581,GGA3,0.0
582,GGG3,-0.0
583,GGC3,-0.0
584,GGT3,-0.0
585,GCA3,-0.0
586,GCG3,-0.0
587,GCC3,0.0
588,GCT3,0.0
589,GTA3,-0.0
590,GTG3,0.0
591,GTC3,-0.0
592,GTT3,-0.0
593,CAA3,-0.0
594,CAG3,0.0
595,CAC3,-0.0
596,CAT3,-0.0
597,CGA3,-0.0
598,CGG3,-0.0
599,CGC3,-0.0
600,CGT3,-0.0
601,CCA3,0.0
602,CCG3,0.0
603,CCC3,-0.0
604,CCT3,0.0
605,CTA3,-0.0
606,CTG3,0.0
607,CTC3,0.0
608,CTT3,0.0
609,TAA3,0.0
610,TAG3,-0.0
611,TAC3,0.0
612,TAT3,-0.0
613,TGA3,-0.0
614,TGG3,-0.0
615,TGC3,0.0
616,TGT3,-0.0
617,TCA3,-0.0
618,TCG3,-0.0
619,TCC3,0.0
620,TCT3,0.0
621,TTA3,-0.0
622,TTG3,-0.0
623,TTC3,0.0
624,TTT3,0.0
625,AAA4,0.0
626,AAG4,0.0
627,AAC4,-0.0
628,AAT4,0.0
629,AGA4,0.0
630,AGG4,-0.0
631,AGC4,0.0
632,AGT4,-0.0
633,ACA4,-0.0
634,ACG4,0.0
635,ACC4,-0.0
636,ACT4,0.0
637,ATA4,-0.0
638,ATG4,-0.0
639,ATC4,-0.0
640,ATT4,0.0
641,GAA4,0.0
642,GAG4,0.0
643,GAC4,-0.0
644,GAT4,-0.0
645,GGA4,0.0
646,GGG4,-0.0
647,GGC4,0.0
648,GGT4,-0.0
649,GCA4,0.0
650,GCG4,-0.0
651,GCC4,-0.0
652,GCT4,0.0
653,GTA4,-0.0
654,GTG4,-0.0
655,GTC4,-0.0
656,GTT4,0.0
657,CAA4,-0.0
658,CAG4,0.0
659,CAC4,0.0
660,CAT4,-0.0
661,CGA4,-0.0
662,CGG4,-0.0
663,CGC4,-0.0
664,CGT4,-0.0
665,CCA4,0.0
666,CCG4,-0.0
667,CCC4,0.0
668,CCT4,0.0
669,CTA4,-0.0
670,CTG4,0.0
671,CTC4,0.0
672,CTT4,0.0
673,TAA4,0.0
674,TAG4,0.0
675,TAC4,-0.0
676,TAT4,-0.0
677,TGA4,-0.0
678,TGG4,0.0
679,TGC4,0.0
680,TGT4,0.0
681,TCA4,-0.0
682,TCG4,-0.0
683,TCC4,0.0
684,TCT4,0.0
685,TTA4,-0.0
686,TTG4,-0.0
687,TTC4,0.0
688,TTT4,0.0
689,AAA5,0.0
690,AAG5,0.0
691,AAC5,0.0
692,AAT5,0.0
693,AGA5,0.0
694,AGG5,-0.0
695,AGC5,0.0
696,AGT5,-0.0
697,ACA5,0.0
698,ACG5,-0.0
699,ACC5,-0.0
700,ACT5,-0.0
701,ATA5,-0.0
702,ATG5,0.0
703,ATC5,-0.0
704,ATT5,0.0
705,GAA5,0.0
706,GAG5,0.0
707,GAC5,-0.0
708,GAT5,-0.0
709,GGA5,-0.0
710,GGG5,-0.0
711,GGC5,0.0
712,GGT5,-0.0
713,GCA5,0.0
714,GCG5,-0.0
715,GCC5,0.0
716,GCT5,0.0
717,GTA5,-0.0
718,GTG5,0.0
719,GTC5,-0.0
720,GTT5,-0.0
721,CAA5,-0.0
722,CAG5,0.0
723,CAC5,0.0
724,CAT5,-0.0
725,CGA5,-0.0
726,CGG5,-0.0
727,CGC5,0.0
728,CGT5,-0.0
729,CCA5,0.0
730,CCG5,-0.0
731,CCC5,-0.0
732,CCT5,0.0
733,CTA5,-0.0
734,CTG5,0.0
735,CTC5,0.0
736,CTT5,0.0
737,TAA5,0.0
738,TAG5,-0.0
739,TAC5,-0.0
740,TAT5,-0.0
741,TGA5,-0.0
742,TGG5,-0.0
743,TGC5,0.0
744,TGT5,0.0
745,TCA5,0.0
746,TCG5,-0.0
747,TCC5,0.0
748,TCT5,0.0
749,TTA5,-0.0
750,TTG5,-0.0
751,TTC5,0.0
752,TTT5,0.0
753,AAA6,0.0
754,AAG6,0.0
755,AAC6,-0.0
756,AAT6,-0.0
757,AGA6,0.0
758,AGG6,0.0
759,AGC6,0.0
760,AGT6,-0.0
761,ACA6,-0.0
762,ACG6,-0.0
763,ACC6,0.0
764,ACT6,-0.0
765,ATA6,0.0
766,ATG6,-0.0
767,ATC6,-0.0
768,ATT6,0.0
769,GAA6,0.0
770,GAG6,-0.0
771,GAC6,-0.0
772,GAT6,-0.0
773,GGA6,-0.0
774,GGG6,-0.0
775,GGC6,0.0
776,GGT6,-0.0
777,GCA6,0.0
778,GCG6,-0.0
779,GCC6,0.0
780,GCT6,0.0
781,GTA6,-0.0
782,GTG6,-0.0
783,GTC6,-0.0
784,GTT6,0.0
785,CAA6,-0.0
786,CAG6,0.0
787,CAC6,0.0
788,CAT6,0.0
789,CGA6,-0.0
790,CGG6,-0.0
791,CGC6,-0.0
792,CGT6,-0.0
793,CCA6,0.0
794,CCG6,-0.0
795,CCC6,-0.0
796,CCT6,0.0
797,CTA6,-0.0
798,CTG6,0.0
799,CTC6,0.0
800,CTT6,-0.0
801,TAA6,-0.0
802,TAG6,-0.0
803,TAC6,-0.0
804,TAT6,-0.0
805,TGA6,-0.0
806,TGG6,-0.0
807,TGC6,0.0
808,TGT6,0.0
809,TCA6,0.0
810,TCG6,-0.0
811,TCC6,0.0
812,TCT6,0.0
813,TTA6,0.0
814,TTG6,0.0
815,TTC6,0.0
816,TTT6,0.0
817,AAA7,0.0
818,AAG7,0.0
819,AAC7,-0.0
820,AAT7,-0.0
821,AGA7,0.0
822,AGG7,-0.0
823,AGC7,0.0
824,AGT7,-0.0
825,ACA7,-0.0
826,ACG7,-0.0
827,ACC7,-0.0
828,ACT7,0.0
829,ATA7,-0.0
830,ATG7,-0.0
831,ATC7,-0.0
832,ATT7,-0.0
833,GAA7,0.0
834,GAG7,0.0
835,GAC7,-0.0
836,GAT7,-0.0
837,GGA7,0.0
838,GGG7,-0.0
839,GGC7,-0.0
840,GGT7,-0.0
841,GCA7,0.0
842,GCG7,-0.0
843,GCC7,-0.0
844,GCT7,0.0
845,GTA7,-0.0
846,GTG7,-0.0
847,GTC7,-0.0
848,GTT7,-0.0
849,CAA7,-0.0
850,CAG7,0.0
851,CAC7,0.0
852,CAT7,-0.0
853,CGA7,-0.0
854,CGG7,-0.0
855,CGC7,-0.0
856,CGT7,0.0
857,CCA7,0.0
858,CCG7,-0.0
859,CCC7,0.0
860,CCT7,0.0
861,CTA7,-0.0
862,CTG7,0.0
863,CTC7,0.0
864,CTT7,0.0
865,TAA7,0.0
866,TAG7,-0.0
867,TAC7,-0.0
868,TAT7,-0.0
869,TGA7,-0.0
870,TGG7,0.0
871,TGC7,0.0
872,TGT7,0.0
873,TCA7,0.0
874,TCG7,-0.0
875,TCC7,0.0
876,TCT7,0.0
877,TTA7,-0.0
878,TTG7,-0.0
879,TTC7,0.0
880,TTT7,0.0
881,AAA8,0.0
882,AAG8,-0.0
883,AAC8,-0.0
884,AAT8,-0.0
885,AGA8,0.0
886,AGG8,0.0
887,AGC8,0.0
888,AGT8,-0.0
889,ACA8,0.0
890,ACG8,-0.0
891,ACC8,0.0
892,ACT8,-0.0
893,ATA8,-0.0
894,ATG8,-0.0
895,ATC8,-0.0
896,ATT8,0.0
897,GAA8,0.0
898,GAG8,-0.0
899,GAC8,-0.0
900,GAT8,-0.0
901,GGA8,-0.0
902,GGG8,0.0
903,GGC8,0.0
904,GGT8,-0.0
905,GCA8,0.0
906,GCG8,-0.0
907,GCC8,0.0
908,GCT8,0.0
909,GTA8,-0.0
910,GTG8,0.0
911,GTC8,-0.0
912,GTT8,-0.0
913,CAA8,-0.0
914,CAG8,0.0
915,CAC8,0.0
916,CAT8,-0.0
917,CGA8,-0.0
918,CGG8,-0.0
919,CGC8,-0.0
920,CGT8,-0.0
921,CCA8,0.0
922,CCG8,-0.0
923,CCC8,-0.0
924,CCT8,0.0
925,CTA8,-0.0
926,CTG8,0.0
927,CTC8,0.0
928,CTT8,0.0
929,TAA8,-0.0
930,TAG8,-0.0
931,TAC8,-0.0
932,TAT8,-0.0
933,TGA8,-0.0
934,TGG8,0.0
935,TGC8,0.0
936,TGT8,-0.0
937,TCA8,0.0
938,TCG8,-0.0
939,TCC8,-0.0
940,TCT8,0.0
941,TTA8,-0.0
942,TTG8,-0.0
943,TTC8,0.0
944,TTT8,0.0
945,AAA9,0.0
946,AAG9,0.0
947,AAC9,-0.0
948,AAT9,0.0
949,AGA9,0.0
950,AGG9,0.0
951,AGC9,0.0
952,AGT9,-0.0
953,ACA9,0.0
954,ACG9,-0.0
955,ACC9,-0.0
956,ACT9,-0.0
957,ATA9,-0.0
958,ATG9,-0.0
959,ATC9,-0.0
960,ATT9,-0.0
961,GAA9,-0.0
962,GAG9,0.0
963,GAC9,-0.0
964,GAT9,-0.0
965,GGA9,0.0
966,GGG9,0.0
967,GGC9,0.0
968,GGT9,-0.0
969,GCA9,0.0
970,GCG9,-0.0
971,GCC9,0.0
972,GCT9,0.0
973,GTA9,-0.0
974,GTG9,0.0
975,GTC9,-0.0
976,GTT9,-0.0
977,CAA9,-0.0
978,CAG9,0.0
979,CAC9,-0.0
980,CAT9,0.0
981,CGA9,-0.0
982,CGG9,-0.0
983,CGC9,-0.0
984,CGT9,-0.0
985,CCA9,0.0
986,CCG9,-0.0
987,CCC9,-0.0
988,CCT9,0.0
989,CTA9,-0.0
990,CTG9,0.0
991,CTC9,0.0
992,CTT9,0.0
993,TAA9,-0.0
994,TAG9,0.0
995,TAC9,-0.0
996,TAT9,-0.0
997,TGA9,-0.0
998,TGG9,0.0
999,TGC9,0.0
1000,TGT9,0.0
1001,TCA9,-0.0
1002,TCG9,-0.0
1003,TCC9,0.0
1004,TCT9,0.0
1005,TTA9,-0.0
1006,TTG9,-0.0
1007,TTC9,0.0
1008,TTT9,0.0
1009,AAA10,0.0
1010,AAG10,-0.0
1011,AAC10,-0.0
1012,AAT10,-0.0
1013,AGA10,0.0
1014,AGG10,0.0
1015,AGC10,0.0
1016,AGT10,-0.0
1017,ACA10,-0.0
1018,ACG10,-0.0
1019,ACC10,0.0
1020,ACT10,-0.0
1021,ATA10,-0.0
1022,ATG10,-0.0
1023,ATC10,-0.0
1024,ATT10,0.0
1025,GAA10,0.0
1026,GAG10,0.0
1027,GAC10,-0.0
1028,GAT10,-0.0
1029,GGA10,0.0
1030,GGG10,0.0
1031,GGC10,0.0
1032,GGT10,-0.0
1033,GCA10,0.0
1034,GCG10,-0.0
1035,GCC10,0.0
1036,GCT10,0.0
1037,GTA10,-0.0
1038,GTG10,-0.0
1039,GTC10,-0.0
1040,GTT10,0.0
1041,CAA10,-0.0
1042,CAG10,0.0
1043,CAC10,0.0
1044,CAT10,-0.0
1045,CGA10,-0.0
1046,CGG10,-0.0
1047,CGC10,-0.0
1048,CGT10,-0.0
1049,CCA10,0.0
1050,CCG10,-0.0
1051,CCC10,-0.0
1052,CCT10,0.0
1053,CTA10,-0.0
1054,CTG10,0.0
1055,CTC10,0.0
1056,CTT10,0.0
1057,TAA10,-0.0
1058,TAG10,0.0
1059,TAC10,-0.0
1060,TAT10,-0.0
1061,TGA10,-0.0
1062,TGG10,0.0
1063,TGC10,0.0
1064,TGT10,0.0
1065,TCA10,-0.0
1066,TCG10,-0.0
1067,TCC10,-0.0
1068,TCT10,0.0
1069,TTA10,-0.0
1070,TTG10,-0.0
1071,TTC10,0.0
1072,TTT10,0.0
1073,AAA11,0.0
1074,AAG11,0.0
1075,AAC11,-0.0
1076,AAT11,-0.0
1077,AGA11,0.0
1078,AGG11,0.0
1079,AGC11,0.0
1080,AGT11,0.0
1081,ACA11,0.0
1082,ACG11,-0.0
1083,ACC11,-0.0
1084,ACT11,-0.0
1085,ATA11,-0.0
1086,ATG11,-0.0
1087,ATC11,-0.0
1088,ATT11,-0.0
1089,GAA11,0.0
1090,GAG11,0.0
1091,GAC11,-0.0
1092,GAT11,-0.0
1093,GGA11,0.0
1094,GGG11,0.0
1095,GGC11,0.0
1096,GGT11,-0.0
1097,GCA11,0.0
1098,GCG11,-0.0
1099,GCC11,0.0
1100,GCT11,0.0
1101,GTA11,-0.0
1102,GTG11,-0.0
1103,GTC11,-0.0
1104,GTT11,-0.0
1105,CAA11,-0.0
1106,CAG11,0.0
1107,CAC11,-0.0
1108,CAT11,-0.0
1109,CGA11,-0.0
1110,CGG11,0.0
1111,CGC11,-0.0
1112,CGT11,-0.0
1113,CCA11,-0.0
1114,CCG11,-0.0
1115,CCC11,0.0
1116,CCT11,0.0
1117,CTA11,-0.0
1118,CTG11,0.0
1119,CTC11,0.0
1120,CTT11,0.0
1121,TAA11,0.0
1122,TAG11,-0.0
1123,TAC11,-0.0
1124,TAT11,-0.0
1125,TGA11,0.0
1126,TGG11,0.0
1127,TGC11,-0.0
1128,TGT11,0.0
1129,TCA11,-0.0
1130,TCG11,-0.0
1131,TCC11,-0.0
1132,TCT11,0.0
1133,TTA11,0.0
1134,TTG11,-0.0
1135,TTC11,0.0
1136,TTT11,0.0
1137,AAA12,0.0
1138,AAG12,0.0
1139,AAC12,-0.0
1140,AAT12,0.0
1141,AGA12,0.0
1142,AGG12,0.0
1143,AGC12,0.0
1144,AGT12,-0.0
1145,ACA12,-0.0
1146,ACG12,-0.0
1147,ACC12,-0.0
1148,ACT12,-0.0
1149,ATA12,-0.0
1150,ATG12,-0.0
1151,ATC12,-0.0
1152,ATT12,-0.0
1153,GAA12,-0.0
1154,GAG12,0.0
1155,GAC12,-0.0
1156,GAT12,-0.0
1157,GGA12,0.0
1158,GGG12,0.0
1159,GGC12,0.0
1160,GGT12,0.0
1161,GCA12,0.0
1162,GCG12,-0.0
1163,GCC12,0.0
1164,GCT12,-0.0
1165,GTA12,-0.0
1166,GTG12,0.0
1167,GTC12,-0.0
1168,GTT12,-0.0
1169,CAA12,-0.0
1170,CAG12,0.0
1171,CAC12,-0.0
1172,CAT12,-0.0
1173,CGA12,-0.0
1174,CGG12,0.0
1175,CGC12,-0.0
1176,CGT12,-0.0
1177,CCA12,0.0
1178,CCG12,-0.0
1179,CCC12,-0.0
1180,CCT12,0.0
1181,CTA12,-0.0
1182,CTG12,0.0
1183,CTC12,0.0
1184,CTT12,-0.0
1185,TAA12,-0.0
1186,TAG12,-0.0
1187,TAC12,-0.0
1188,TAT12,-0.0
1189,TGA12,-0.0
1190,TGG12,0.0
1191,TGC12,0.0
1192,TGT12,-0.0
1193,TCA12,-0.0
1194,TCG12,-0.0
1195,TCC12,0.0
1196,TCT12,0.0
1197,TTA12,-0.0
1198,TTG12,-0.0
1199,TTC12,0.0
1200,TTT12,0.0
1201,AAA13,0.0
1202,AAG13,0.0
1203,AAC13,-0.0
1204,AAT13,-0.0
1205,AGA13,0.0
1206,AGG13,0.0
1207,AGC13,0.0
1208,AGT13,-0.0
1209,ACA13,0.0
1210,ACG13,-0.0
1211,ACC13,-0.0
1212,ACT13,-0.0
1213,ATA13,-0.0
1214,ATG13,-0.0
1215,ATC13,-0.0
1216,ATT13,-0.0
1217,GAA13,0.0
1218,GAG13,0.0
1219,GAC13,-0.0
1220,GAT13,-0.0
1221,GGA13,0.0
1222,GGG13,0.0
1223,GGC13,0.0
1224,GGT13,-0.0
1225,GCA13,0.0
1226,GCG13,-0.0
1227,GCC13,0.0
1228,GCT13,0.0
1229,GTA13,-0.0
1230,GTG13,-0.0
1231,GTC13,0.0
1232,GTT13,-0.0
1233,CAA13,-0.0
1234,CAG13,0.0
1235,CAC13,0.0
1236,CAT13,-0.0
1237,CGA13,-0.0
1238,CGG13,-0.0
1239,CGC13,-0.0
1240,CGT13,-0.0
1241,CCA13,0.0
1242,CCG13,-0.0
1243,CCC13,-0.0
1244,CCT13,0.0
1245,CTA13,-0.0
1246,CTG13,0.0
1247,CTC13,-0.0
1248,CTT13,0.0
1249,TAA13,-0.0
1250,TAG13,-0.0
1251,TAC13,-0.0
1252,TAT13,0.0
1253,TGA13,0.0
1254,TGG13,0.0
1255,TGC13,-0.0
1256,TGT13,0.0
1257,TCA13,-0.0
1258,TCG13,-0.0
1259,TCC13,0.0
1260,TCT13,0.0
1261,TTA13,-0.0
1262,TTG13,0.0
1263,TTC13,0.0
1264,TTT13,0.0
1265,AAA14,0.0
1266,AAG14,0.0
1267,AAC14,-0.0
1268,AAT14,-0.0
1269,AGA14,0.0
1270,AGG14,0.0
1271,AGC14,0.0
1272,AGT14,-0.0
1273,ACA14,0.0
1274,ACG14,-0.0
1275,ACC14,-0.0
1276,ACT14,-0.0
1277,ATA14,-0.0
1278,ATG14,-0.0
1279,ATC14,0.0
1280,ATT14,-0.0
1281,GAA14,0.0
1282,GAG14,0.0
1283,GAC14,-0.0
1284,GAT14,-0.0
1285,GGA14,0.0
1286,GGG14,0.0
1287,GGC14,0.0
1288,GGT14,-0.0
1289,GCA14,0.0
1290,GCG14,-0.0
1291,GCC14,-0.0
1292,GCT14,-0.0
1293,GTA14,-0.0
1294,GTG14,0.0
1295,GTC14,-0.0
1296,GTT14,-0.0
1297,CAA14,0.0
1298,CAG14,0.0
1299,CAC14,-0.0
1300,CAT14,-0.0
1301,CGA14,-0.0
1302,CGG14,-0.0
1303,CGC14,-0.0
1304,CGT14,-0.0
1305,CCA14,0.0
1306,CCG14,-0.0
1307,CCC14,-0.0
1308,CCT14,0.0
1309,CTA14,-0.0
1310,CTG14,0.0
1311,CTC14,0.0
1312,CTT14,-0.0
1313,TAA14,-0.0
1314,TAG14,-0.0
1315,TAC14,-0.0
1316,TAT14,-0.0
1317,TGA14,0.0
1318,TGG14,0.0
1319,TGC14,0.0
1320,TGT14,-0.0
1321,TCA14,-0.0
1322,TCG14,-0.0
1323,TCC14,0.0
1324,TCT14,0.0
1325,TTA14,-0.0
1326,TTG14,-0.0
1327,TTC14,0.0
1328,TTT14,0.0
1329,AAA15,0.0
1330,AAG15,0.0
1331,AAC15,0.0
1332,AAT15,-0.0
1333,AGA15,0.0
1334,AGG15,0.0
1335,AGC15,0.0
1336,AGT15,0.0
1337,ACA15,0.0
1338,ACG15,-0.0
1339,ACC15,-0.0
1340,ACT15,-0.0
1341,ATA15,-0.0
1342,ATG15,-0.0
1343,ATC15,-0.0
1344,ATT15,-0.0
1345,GAA15,0.0
1346,GAG15,0.0
1347,GAC15,0.0
1348,GAT15,-0.0
1349,GGA15,0.0
1350,GGG15,0.0
1351,GGC15,0.0
1352,GGT15,-0.0
1353,GCA15,0.0
1354,GCG15,-0.0
1355,GCC15,0.0
1356,GCT15,0.0
1357,GTA15,-0.0
1358,GTG15,-0.0
1359,GTC15,-0.0
1360,GTT15,-0.0
1361,CAA15,0.0
1362,CAG15,0.0
1363,CAC15,-0.0
1364,CAT15,-0.0
1365,CGA15,-0.0
1366,CGG15,0.0
1367,CGC15,-0.0
1368,CGT15,-0.0
1369,CCA15,0.0
1370,CCG15,-0.0
1371,CCC15,-0.0
1372,CCT15,-0.0
1373,CTA15,0.0
1374,CTG15,-0.0
1375,CTC15,-0.0
1376,CTT15,0.0
1377,TAA15,-0.0
1378,TAG15,-0.0
1379,TAC15,-0.0
1380,TAT15,-0.0
1381,TGA15,0.0
1382,TGG15,0.0
1383,TGC15,0.0
1384,TGT15,-0.0
1385,TCA15,-0.0
1386,TCG15,-0.0
1387,TCC15,0.0
1388,TCT15,0.0
1389,TTA15,-0.0
1390,TTG15,-0.0
1391,TTC15,0.0
1392,TTT15,0.0
1393,AAA16,0.0
1394,AAG16,0.0
1395,AAC16,0.0
1396,AAT16,0.0
1397,AGA16,0.0
1398,AGG16,0.0
1399,AGC16,0.0
1400,AGT16,-0.0
1401,ACA16,0.0
1402,ACG16,0.0
1403,ACC16,-0.0
1404,ACT16,-0.0
1405,ATA16,-0.0
1406,ATG16,-0.0
1407,ATC16,-0.0
1408,ATT16,-0.0
1409,GAA16,0.0
1410,GAG16,0.0
1411,GAC16,0.0
1412,GAT16,-0.0
1413,GGA16,0.0
1414,GGG16,0.0
1415,GGC16,0.0
1416,GGT16,0.0
1417,GCA16,0.0
1418,GCG16,-0.0
1419,GCC16,-0.0
1420,GCT16,0.0
1421,GTA16,0.0
1422,GTG16,-0.0
1423,GTC16,-0.0
1424,GTT16,-0.0
1425,CAA16,-0.0
1426,CAG16,0.0
1427,CAC16,-0.0
1428,CAT16,0.0
1429,CGA16,-0.0
1430,CGG16,-0.0
1431,CGC16,-0.0
1432,CGT16,-0.0
1433,CCA16,-0.0
1434,CCG16,-0.0
1435,CCC16,0.0
1436,CCT16,0.0
1437,CTA16,0.0
1438,CTG16,-0.0
1439,CTC16,0.0
1440,CTT16,0.0
1441,TAA16,-0.0
1442,TAG16,0.0
1443,TAC16,-0.0
1444,TAT16,-0.0
1445,TGA16,-0.0
1446,TGG16,-0.0
1447,TGC16,0.0
1448,TGT16,-0.0
1449,TCA16,-0.0
1450,TCG16,0.0
1451,TCC16,0.0
1452,TCT16,0.0
1453,TTA16,0.0
1454,TTG16,-0.0
1455,TTC16,0.0
1456,TTT16,0.0
1457,AAA17,-0.0
1458,AAG17,0.0
1459,AAC17,0.0
1460,AAT17,0.0
1461,AGA17,0.0
1462,AGG17,0.0
1463,AGC17,0.0
1464,AGT17,-0.0
1465,ACA17,0.0
1466,ACG17,0.0
1467,ACC17,-0.0
1468,ACT17,0.0
1469,ATA17,0.0
1470,ATG17,-0.0
1471,ATC17,-0.0
1472,ATT17,-0.0
1473,GAA17,-0.0
1474,GAG17,0.0
1475,GAC17,0.0
1476,GAT17,0.0
1477,GGA17,0.0
1478,GGG17,0.0
1479,GGC17,0.0
1480,GGT17,0.0
1481,GCA17,-0.0
1482,GCG17,0.0
1483,GCC17,0.0
1484,GCT17,0.0
1485,GTA17,0.0
1486,GTG17,-0.0
1487,GTC17,-0.0
1488,GTT17,-0.0
1489,CAA17,-0.0
1490,CAG17,-0.0
1491,CAC17,-0.0
1492,CAT17,-0.0
1493,CGA17,0.0
1494,CGG17,0.0
1495,CGC17,-0.0
1496,CGT17,0.0
1497,CCA17,-0.0
1498,CCG17,0.0
1499,CCC17,-0.0
1500,CCT17,0.0
1501,CTA17,0.0
1502,CTG17,-0.0
1503,CTC17,0.0
1504,CTT17,-0.0
1505,TAA17,-0.0
1506,TAG17,-0.0
1507,TAC17,0.0
1508,TAT17,0.0
1509,TGA17,-0.0
1510,TGG17,-0.0
1511,TGC17,0.0
1512,TGT17,-0.0
1513,TCA17,-0.0
1514,TCG17,0.0
1515,TCC17,0.0
1516,TCT17,0.0
1517,TTA17,0.0
1518,TTG17,-0.0
1519,TTC17,0.0
1520,TTT17,-0.0
1521,AAA18,-0.0
1522,AAG18,0.0
1523,AAC18,-0.0
1524,AAT18,-0.0
1525,AGA18,0.0
1526,AGG18,0.0
1527,AGC18,0.0
1528,AGT18,-0.0
1529,ACA18,0.0
1530,ACG18,-0.0
1531,ACC18,-0.0
1532,ACT18,0.0
1533,ATA18,-0.0
1534,ATG18,0.0
1535,ATC18,-0.0
1536,ATT18,-0.0
1537,GAA18,0.0
1538,GAG18,0.0
1539,GAC18,-0.0
1540,GAT18,-0.0
1541,GGA18,0.0
1542,GGG18,-0.0
1543,GGC18,0.0
1544,GGT18,0.0
1545,GCA18,0.0
1546,GCG18,-0.0
1547,GCC18,0.0
1548,GCT18,0.0
1549,GTA18,-0.0
1550,GTG18,-0.0
1551,GTC18,-0.0
1552,GTT18,0.0
1553,CAA18,0.0
1554,CAG18,0.0
1555,CAC18,-0.0
1556,CAT18,-0.0
1557,CGA18,0.0
1558,CGG18,0.0
1559,CGC18,0.0
1560,CGT18,-0.0
1561,CCA18,0.0
1562,CCG18,-0.0
1563,CCC18,0.0
1564,CCT18,0.0
1565,CTA18,-0.0
1566,CTG18,0.0
1567,CTC18,0.0
1568,CTT18,0.0
1569,TAA18,0.0
1570,TAG18,0.0
1571,TAC18,0.0
1572,TAT18,0.0
1573,TGA18,-0.0
1574,TGG18,0.0
1575,TGC18,-0.0
1576,TGT18,-0.0
1577,TCA18,0.0
1578,TCG18,-0.0
1579,TCC18,0.0
1580,TCT18,-0.0
1581,TTA18,-0.0
1582,TTG18,0.0
1583,TTC18,-0.0
1584,TTT18,0.0
1585,AAA,0.0382269015873439
1586,AAG,0.01752701828303217
1587,AAC,-0.01801127558018568
1588,AAT,-0.001117038746702125
1589,AGA,0.021093337885412965
1590,AGG,0.028710455963295974
1591,AGC,0.012509938163369887
1592,AGT,-0.021942072351375255
1593,ACA,-0.0
1594,ACG,-0.07030845504941112
1595,ACC,-0.028024133674617757
1596,ACT,-0.023287296860420314
1597,ATA,-0.03150491246717519
1598,ATG,-0.0
1599,ATC,-0.037210241222449675
1600,ATT,-0.005888150003701945
1601,GAA,0.026812245496558758
1602,GAG,0.015402691523738314
1603,GAC,-0.02648238447924166
1604,GAT,-0.027797544307022543
1605,GGA,0.003208632153544725
1606,GGG,0.0
1607,GGC,0.010247759053105406
1608,GGT,-0.03342156003246928
1609,GCA,0.004327694225752386
1610,GCG,-0.06157829582110725
1611,GCC,0.009112237602444754
1612,GCT,0.006817817428079019
1613,GTA,-0.049128120262445105
1614,GTG,-0.0
1615,GTC,-0.03352858514684572
1616,GTT,-0.026880374792227702
1617,CAA,-0.014884179656090997
1618,CAG,0.04310058917026103
1619,CAC,-0.0
1620,CAT,-0.006919221397564912
1621,CGA,-0.09033635841107221
1622,CGG,-0.05077798266144499
1623,CGC,-0.06545745340135009
1624,CGT,-0.06840936447608509
1625,CCA,0.0
1626,CCG,-0.06719109121887964
1627,CCC,-0.012598881285966645
1628,CCT,0.013539845313950305
1629,CTA,-0.048642765235638624
1630,CTG,0.04173360171324168
1631,CTC,0.007238879048729354
1632,CTT,0.0067483458549102695
1633,TAA,-0.01794191107107131
1634,TAG,-0.04242678233444366
1635,TAC,-0.04490046276111064
1636,TAT,-0.03499948184881988
1637,TGA,-0.01063949363155895
1638,TGG,0.01022686920510534
1639,TGC,0.0021081601216676816
1640,TGT,-0.0037324290795526425
1641,TCA,-0.008925436916726705
1642,TCG,-0.09219946493232217
1643,TCC,0.007427020582421564
1644,TCT,0.015078255934284242
1645,TTA,-0.014290340784289207
1646,TTG,-0.013274210167688021
1647,TTC,0.01931547364357406
1648,TTT,0.03475343903063221
1649,Delta G,-0.0
